{
  "model_checkpoint": "/home/coder/digital_twin/twin/simulation_data/models/lstm_model_finetuned_559-ws-training.pth",
  "device": "cuda",
  "csv_no_future": [
    261.89782545441506,
    262.40781231403355,
    262.9579413289823,
    264.5066784934574,
    265.77477322293896,
    266.9635039782975,
    268.0448994098151,
    269.05776847503404,
    270.0262463545535,
    270.9661507950314,
    271.88765710603616,
    272.7968463897357
  ],
  "csv_with_future": [
    261.89782545441506,
    262.37887762139786,
    262.74844004820704,
    264.1277664795807,
    265.19063476248436,
    266.1654775862816,
    267.02145937632946,
    267.8075385959105,
    268.55166939219055,
    269.27181122956426,
    269.97858668395463,
    270.67771560393567
  ],
  "d_t_bolus_carbs": [
    311.4582667088771,
    324.664385408571,
    338.0316064031868,
    346.6886833548339,
    347.9898948279654,
    342.37173374250307,
    330.4279195808689,
    323.9271785102875,
    317.8162384650968,
    312.3875799140467,
    307.42809860909034,
    302.7812393744465
  ],
  "d_t_bolus_carbs_sleep_exercise": [
    311.4582667088771,
    324.5699372033745,
    337.83947512951255,
    346.3031353701038,
    347.328807329445,
    341.37361381027057,
    329.04564807429927,
    322.12038067352137,
    315.5495749426654,
    309.61448088173137,
    304.0876509809535,
    298.80160477158194
  ]
}