{
  "model_checkpoint": "/home/coder/digital_twin/twin/simulation_data/models/lstm_model_finetuned_559-ws-training.pth",
  "device": "cuda",
  "csv_no_future": [
    321.2101263910625,
    321.9083779808863,
    321.9764484795543,
    322.2399055649978,
    322.7192890844267,
    323.2111960617859,
    323.7305755148522,
    324.260328106836,
    324.7966864788271,
    325.33418021925684,
    325.86902476666296,
    326.3986569407821
  ],
  "csv_with_future": [
    321.2101263910625,
    321.8316201934068,
    321.6495827870625,
    321.6997626315443,
    321.9808351303403,
    322.28148413342853,
    322.6158157335326,
    322.9655092126639,
    323.3275197191002,
    323.69603279023124,
    324.06685100334386,
    324.4369467092682
  ],
  "d_t_bolus_carbs": [
    321.2101135253906,
    321.71075439453125,
    322.20550537109375,
    322.71575927734375,
    323.23046875,
    323.7440490722656,
    324.2540588378906,
    324.759033203125,
    325.2582092285156,
    325.750732421875,
    326.2362060546875,
    326.71417236328125
  ],
  "d_t_bolus_carbs_sleep_exercise": [
    321.2101135253906,
    321.635898474491,
    320.8552625251539,
    320.599834095348,
    320.4995265151515,
    320.3813661517519,
    320.2551186301491,
    320.0981704249526,
    319.9093618681936,
    319.6814908114347,
    319.4109256628788,
    319.09437052408856
  ]
}