{
    "time_min": [
        0,
        5,
        10,
        15,
        20,
        25,
        30,
        35,
        40,
        45,
        50,
        55
    ],
    "meal45": [
        146.39093017578125,
        136.15745544433594,
        141.18804931640625,
        143.58216857910156,
        149.81871032714844,
        153.95068359375,
        167.12619018554688,
        176.83499145507812,
        195.35267639160156,
        212.50267028808594,
        236.34591674804688,
        262.02064514160156
    ],
    "meal45_bolus3": [
        146.39093017578125,
        136.15745544433594,
        141.18804931640625,
        140.24883524576822,
        142.96867879231772,
        143.75082397460938,
        148.15703837076822,
        151.11113484700522,
        157.17141723632812,
        162.42011515299478,
        170.5313466389974,
        178.39938354492188
    ],
    "baseline": [
        146.39093017578125,
        136.15745544433594,
        141.18804931640625,
        138.58216857910156,
        139.57215881347656,
        138.7101593017578,
        138.8051300048828,
        138.6353302001953,
        138.16754150390625,
        138.1087188720703,
        137.4414825439453,
        137.43759155273438
    ],
    "exercise": [
        146.39093017578125,
        135.62149047851562,
        139.59214782714844,
        136.9214630126953,
        136.6067352294922,
        135.0782928466797,
        133.90859985351562,
        132.6118621826172,
        130.80865478515625,
        126.94276089138455,
        121.86896599663629,
        115.40303548177083
    ],
    "sleep": [
        146.39093017578125,
        135.62149047851562,
        139.59214782714844,
        136.9214630126953,
        136.6067352294922,
        135.0782928466797,
        133.90859985351562,
        132.6118621826172,
        130.80865478515625,
        129.387939453125,
        127.38341522216797,
        125.91632080078125
    ]
}