{
    "time_min": [
        0,
        5,
        10,
        15,
        20,
        25,
        30,
        35,
        40,
        45,
        50,
        55
    ],
    "baseline": [
        56.289398193359375,
        56.161781311035156,
        56.05937957763672,
        55.97524642944336,
        55.906639099121094,
        55.85248565673828,
        55.81128692626953,
        55.78099822998047,
        55.759342193603516,
        55.744205474853516,
        55.733802795410156,
        55.726749420166016
    ],
    "meal45": [
        56.289398193359375,
        56.161781311035156,
        60.15028866854581,
        64.15838831121272,
        68.18412711403587,
        72.22682606090198,
        76.28504319624467,
        80.35646299882369,
        84.43842280994762,
        88.52840492942116,
        92.62425023859197,
        96.7242879000577
    ],
    "meal45_bolus3": [
        56.289398193359375,
        56.161781311035156,
        57.423015941273086,
        58.70344612815164,
        60.000756350430585,
        61.31396623091264,
        62.64151174371892,
        63.98113840276545,
        65.33032850785689,
        66.68673602017489,
        68.04839637062766,
        69.41375316273081
    ]
}