patient,rmse,mae
559-ws-training.csv,6.8150357411851425,4.512080535963808
